,modality,class,vectorization,classifier,tested_params,best_params,score_test,score_cv_test,score_cv_train,fit_cv_time,model_path
0,text,MLClassifier,tfidf,LinearSVC,"{'C': [0.9, 1], 'penalty': ['l2']}","{'C': 0.9, 'penalty': 'l2'}",0.8257966293049377,[0.80560867 0.80915981],[0.98461006 0.98482951],[3.87560344 3.85221934],text/LinearSVC_tfidf
1,text,MLClassifier,tfidf,LinearSVC,"{'C': array([0.5, 0.6, 0.7, 0.8, 0.9, 1. , 1.1, 1.2, 1.3, 1.4]), 'penalty': ['l2']}","{'C': 0.5, 'penalty': 'l2'}",0.8239800861828738,"[0.82403265 0.82531629 0.82968601 0.82028095 0.82454915 0.82845066
 0.82607531 0.82525735 0.82477572 0.83040781]","[0.96525381 0.96558263 0.96546323 0.96552612 0.9653836  0.96547621
 0.9654701  0.96522585 0.96587731 0.96608865]","[8.14214444 8.19048548 8.28154945 7.97043657 8.05206013 7.90603995
 8.18081188 8.09759188 8.16988182 7.91305256]",text/LinearSVC_tfidf
